Row,Timestamp,Did you experience buffering or lag,How satisfied are you with the response time,Location & Network Provider,Email Address,Any other feedback
115,5/31/2025 17:33:00,Occasionally,Dissatisfied,Ahmedabad - Airtel,dthomas@gmail.com,Hold suddenly something themselves Mr.
213,5/31/2025 10:36:00,No,Dissatisfied,Ahmedabad - Airtel,robertopeck@yahoo.com,Story find somebody one scientist everyone maintain edge seek chair.
798,5/31/2025 9:26:00,Yes,Dissatisfied,Ahmedabad - Airtel,christopher89@reese-smith.com,Continue also structure quite good under environment lay organization four activity.
970,5/31/2025 8:02:00,Occasionally,Dissatisfied,Ahmedabad - Airtel,brewerjocelyn@coleman.com,Administration pick fine choice position win those television gas buy floor.
77,5/31/2025 16:43:00,Occasionally,Dissatisfied,Ahmedabad - BSNL,wlarsen@hotmail.com,Call but on policy foot catch meeting identify stock west well country reach training conference.
389,5/31/2025 14:02:00,Yes,Dissatisfied,Ahmedabad - BSNL,mrobinson@hotmail.com,Above herself table set wish mention attack character thank eight part.
530,5/31/2025 15:36:00,Occasionally,Dissatisfied,Ahmedabad - BSNL,nmueller@yahoo.com,Fire understand unit draw just happen camera little out toward.
598,5/31/2025 16:22:00,Yes,Dissatisfied,Ahmedabad - BSNL,annahart@yahoo.com,Through peace cold.
603,5/31/2025 23:12:00,Occasionally,Dissatisfied,Ahmedabad - BSNL,washingtonkristen@brewer-graham.org,Ok health seek take determine career pattern significant land number position dream prevent idea.
852,5/31/2025 22:59:00,Yes,Dissatisfied,Ahmedabad - BSNL,kelly99@mitchell.biz,Western really none establish wrong.
37,5/31/2025 2:56:00,Yes,Dissatisfied,Ahmedabad - Jio,moralesdennis@hernandez.net,Room history current.
114,5/31/2025 14:15:00,No,Dissatisfied,Ahmedabad - Jio,connordickerson@hotmail.com,Time item computer reality chair major reduce sing.
198,5/31/2025 13:02:00,No,Dissatisfied,Ahmedabad - Jio,christopher98@yahoo.com,Commercial market maintain begin ok find appear.
263,5/31/2025 1:01:00,Occasionally,Dissatisfied,Ahmedabad - Jio,baileybrown@knight-davenport.info,Learn much they nor place sort policy part stuff have.
309,5/31/2025 1:42:00,Yes,Dissatisfied,Ahmedabad - Jio,david74@gmail.com,Return evening stay including analysis occur sing television interview especially structure.
396,5/31/2025 9:17:00,Occasionally,Dissatisfied,Ahmedabad - Jio,ramirezjoseph@hotmail.com,Country relationship letter carry well help everyone score force among last.
662,5/31/2025 3:22:00,Occasionally,Dissatisfied,Ahmedabad - Jio,michael06@green.com,I agree outside together fire son near since wait.
94,5/31/2025 8:49:00,No,Dissatisfied,Ahmedabad - Vi,matthew94@gmail.com,Oil the walk contain can official provide or interesting pressure enter cold development measure Congress generation.
231,5/31/2025 14:08:00,No,Dissatisfied,Ahmedabad - Vi,danny14@yahoo.com,Science shake suggest only ever you health near spend quickly late million act.
307,5/31/2025 17:17:00,Yes,Dissatisfied,Ahmedabad - Vi,gyoung@peterson.com,South strategy property page professional believe cultural read check charge.
334,5/31/2025 6:46:00,No,Dissatisfied,Ahmedabad - Vi,ebony35@johnson.info,Though society close near major despite nation.
588,5/31/2025 10:31:00,Occasionally,Dissatisfied,Ahmedabad - Vi,anaadams@yahoo.com,Help example popular finish huge.
739,5/31/2025 18:28:00,No,Dissatisfied,Ahmedabad - Vi,xtaylor@graham.com,Mind artist establish road popular wonder note pay special herself.
787,5/31/2025 3:29:00,Yes,Dissatisfied,Ahmedabad - Vi,jason39@sanford-garrett.biz,Worry win close account long behavior.
825,5/31/2025 8:58:00,No,Dissatisfied,Ahmedabad - Vi,benjamin63@garcia.net,Choice today most despite increase nice poor we choose subject their character maybe song.
185,5/31/2025 5:20:00,Occasionally,Dissatisfied,Bangalore - Airtel,jpatterson@hotmail.com,View worry north officer in matter recently specific beat analysis start off idea radio.
202,5/31/2025 7:53:00,No,Dissatisfied,Bangalore - Airtel,christopher43@paul-hall.biz,Wish effort up his hotel sure whole visit themselves.
282,5/31/2025 11:21:00,Occasionally,Dissatisfied,Bangalore - Airtel,michelle40@avila.com,Democrat billion action position contain it technology their third American.
311,5/31/2025 23:05:00,Occasionally,Dissatisfied,Bangalore - Airtel,qmartin@hotmail.com,His audience value left paper remain road prepare region of edge article issue recent.
437,5/31/2025 9:32:00,Occasionally,Dissatisfied,Bangalore - Airtel,udunn@hotmail.com,Upon movie professor only result main win line student everyone do face site but.
552,5/31/2025 19:05:00,Occasionally,Dissatisfied,Bangalore - Airtel,xdean@dean.biz,When throughout upon add south to another late north me ready want white hear many four both baby.
26,5/31/2025 19:08:00,Occasionally,Dissatisfied,Bangalore - BSNL,padillamichael@hotmail.com,Development likely project phone travel again help author describe just choice employee under piece end.
250,5/31/2025 18:22:00,Occasionally,Dissatisfied,Bangalore - BSNL,grossjesse@hotmail.com,Everyone show card.
406,5/31/2025 1:12:00,No,Dissatisfied,Bangalore - BSNL,carolyn68@gmail.com,Find public box it civil.
624,5/31/2025 20:09:00,No,Dissatisfied,Bangalore - BSNL,roblesbailey@yahoo.com,Consider beautiful become wish whole moment operation claim yard science.
897,5/31/2025 14:07:00,Yes,Dissatisfied,Bangalore - BSNL,poliver@george-bowers.com,Research second around bad owner almost into upon TV tax suddenly cell thought responsibility.
984,5/31/2025 17:52:00,No,Dissatisfied,Bangalore - BSNL,georgemiller@anderson.info,Adult very understand there guy decide father.
36,5/31/2025 14:04:00,Occasionally,Dissatisfied,Bangalore - Jio,porterrichard@mason-thompson.net,Government series analysis maintain traditional blue ground school position.
57,5/31/2025 23:04:00,No,Dissatisfied,Bangalore - Jio,ellisscott@gmail.com,Yourself maybe certainly child consider yard we so increase seem physical.
188,5/31/2025 3:50:00,Occasionally,Dissatisfied,Bangalore - Jio,jenniferhall@hotmail.com,Provide trouble yet help people analysis painting.
266,5/31/2025 1:46:00,Yes,Dissatisfied,Bangalore - Jio,edward47@hotmail.com,Thus why health week.
644,5/31/2025 21:22:00,No,Dissatisfied,Bangalore - Jio,crystalblanchard@hamilton-hurst.org,Teacher me run important job across.
733,5/31/2025 17:30:00,Yes,Dissatisfied,Bangalore - Jio,martinezarthur@gmail.com,Military between main local team reduce purpose program book police.
811,5/31/2025 20:02:00,Yes,Dissatisfied,Bangalore - Jio,hokelly@coleman-garza.com,What south travel thought most whatever standard drive check.
827,5/31/2025 8:09:00,Occasionally,Dissatisfied,Bangalore - Jio,jason60@yahoo.com,Issue true very leg ahead source.
837,5/31/2025 3:33:00,Yes,Dissatisfied,Bangalore - Jio,theodoremorales@jackson.org,Growth must wife important become.
234,5/31/2025 13:52:00,No,Dissatisfied,Bangalore - Vi,ericvelasquez@barrera-kramer.info,Own ever inside prepare piece throughout space not create western line happy rest.
294,5/31/2025 17:29:00,Occasionally,Dissatisfied,Bangalore - Vi,kristin49@hotmail.com,Service task art.
534,5/31/2025 7:08:00,Occasionally,Dissatisfied,Bangalore - Vi,amber26@yahoo.com,National stock property lose about fact stay number she or according amount institution individual including.
605,5/31/2025 3:18:00,Yes,Dissatisfied,Bangalore - Vi,danny79@greer.com,Degree company nature sign sure happy surface newspaper discussion peace air professional someone blood our mission center how wide food.
612,5/31/2025 16:43:00,Occasionally,Dissatisfied,Bangalore - Vi,loweryjohn@chandler.com,Parent difficult item house history arrive happen.
35,5/31/2025 5:32:00,Occasionally,Dissatisfied,Chennai - Airtel,eramos@rich.info,Technology black only place indicate attention professional occur pretty.
235,5/31/2025 21:29:00,Yes,Dissatisfied,Chennai - Airtel,amanda62@hotmail.com,Glass police look production strategy material air subject area vote operation.
374,5/31/2025 19:01:00,No,Dissatisfied,Chennai - Airtel,snewton@yahoo.com,Turn even staff movement Mr us cost main tax rate order area scientist price among shake.
479,5/31/2025 23:29:00,No,Dissatisfied,Chennai - Airtel,lgibson@stanley.com,Pull effect identify American decide either address I.
526,5/31/2025 10:22:00,No,Dissatisfied,Chennai - Airtel,jermainegonzalez@mason-blake.net,Light firm system high ahead responsibility approach medical front will continue smile actually present.
544,5/31/2025 14:34:00,Yes,Dissatisfied,Chennai - Airtel,lparsons@gmail.com,Close current argue.
555,5/31/2025 13:57:00,No,Dissatisfied,Chennai - Airtel,evansshaun@knight.org,Media entire exist which ask such however.
604,5/31/2025 16:39:00,Occasionally,Dissatisfied,Chennai - Airtel,grobinson@nelson-quinn.com,Learn simply oil special walk five discover must baby value.
869,5/31/2025 22:35:00,Occasionally,Dissatisfied,Chennai - Airtel,sharon31@hotmail.com,Across board year nation factor.
60,5/31/2025 8:37:00,Yes,Dissatisfied,Chennai - BSNL,uwilson@patterson.net,Allow court bring.
82,5/31/2025 7:57:00,No,Dissatisfied,Chennai - BSNL,klyons@gmail.com,Medical spend mind us alone morning their add movie allow.
90,5/31/2025 3:46:00,Occasionally,Dissatisfied,Chennai - BSNL,craigsusan@hall.com,Relate majority visit wish true win over hard.
359,5/31/2025 12:49:00,No,Dissatisfied,Chennai - BSNL,lryan@murphy.info,Today indicate possible save.
568,5/31/2025 10:58:00,No,Dissatisfied,Chennai - BSNL,kramerjessica@thomas.com,Base season others doctor him almost benefit real morning.
381,5/31/2025 11:17:00,Occasionally,Dissatisfied,Chennai - Jio,david78@johnson.com,Practice important little imagine live whom white change though kind once.
468,5/31/2025 17:14:00,Occasionally,Dissatisfied,Chennai - Jio,phillipsjohn@yahoo.com,Great step lawyer send itself still expect follow.
609,5/31/2025 3:08:00,No,Dissatisfied,Chennai - Jio,derrick52@gmail.com,Indeed gas ground majority team high carry value kind probably when have prepare happen opportunity authority wrong.
729,5/31/2025 8:27:00,Yes,Dissatisfied,Chennai - Jio,brianmontoya@brennan-martinez.org,Phone wall enough management rise suggest while speak benefit establish hour try face benefit growth thus.
16,5/31/2025 19:30:00,No,Dissatisfied,Chennai - Vi,deborahfigueroa@gonzalez-edwards.info,Appear site else alone parent decide concern past require region down concern list.
370,5/31/2025 21:01:00,Yes,Dissatisfied,Chennai - Vi,richardherman@gmail.com,Remain myself more indeed field size no mean support common.
978,5/31/2025 9:24:00,No,Dissatisfied,Chennai - Vi,kenneth32@yahoo.com,Type current game nature.
134,5/31/2025 17:23:00,Occasionally,Dissatisfied,Delhi - Airtel,xtapia@patton.biz,Hit indeed TV join city specific.
204,5/31/2025 12:23:00,Occasionally,Dissatisfied,Delhi - Airtel,qsingleton@moran.com,Debate western cause in others will west economy personal show still a lose show.
220,5/31/2025 17:19:00,No,Dissatisfied,Delhi - Airtel,rfranco@anderson.net,Ever pick computer statement serious to finally join weight husband personal ball side.
618,5/31/2025 6:55:00,Occasionally,Dissatisfied,Delhi - Airtel,erichardson@keller.info,Over plant general thousand.
732,5/31/2025 1:11:00,Occasionally,Dissatisfied,Delhi - Airtel,meganclark@morton.com,Within describe develop tree story soon rich prove tough bring pull project anyone author.
236,5/31/2025 23:38:00,Occasionally,Dissatisfied,Delhi - BSNL,vwright@hotmail.com,Real boy result beat international improve name themselves tough recent conference baby every.
265,5/31/2025 4:34:00,Yes,Dissatisfied,Delhi - BSNL,stephenhudson@gmail.com,Movement sea west financial rule idea thousand southern.
435,5/31/2025 10:02:00,Yes,Dissatisfied,Delhi - BSNL,sharonsmith@williams-chen.com,Measure environment nature close just Republican throw both.
537,5/31/2025 5:41:00,Occasionally,Dissatisfied,Delhi - BSNL,torresjennifer@taylor-garcia.com,Ball what nature kind message right role environmental inside coach start.
548,5/31/2025 19:44:00,No,Dissatisfied,Delhi - BSNL,rsmith@moses.org,Truth reason beyond break writer culture travel glass.
635,5/31/2025 20:41:00,Occasionally,Dissatisfied,Delhi - BSNL,glennkatherine@gmail.com,Feel while home doctor election worker.
637,5/31/2025 5:13:00,Yes,Dissatisfied,Delhi - BSNL,oconrad@roberts.com,Style career like discover day allow trip community artist law main.
173,5/31/2025 13:37:00,No,Dissatisfied,Delhi - Jio,sgarcia@holmes.com,Local though tend least law.
666,5/31/2025 10:48:00,Yes,Dissatisfied,Delhi - Jio,stephanieschmidt@williams-cross.net,Trade peace improve speech fine like team fear participant hear agency into consumer thank identify.
352,5/31/2025 3:25:00,Yes,Dissatisfied,Delhi - Vi,brandtadam@hotmail.com,Method just network analysis our lose control poor yes this party professor watch event off next.
515,5/31/2025 18:32:00,Occasionally,Dissatisfied,Delhi - Vi,donna04@garcia.com,Something human west avoid skin fill throw red add wind response.
599,5/31/2025 9:13:00,Occasionally,Dissatisfied,Delhi - Vi,joshua24@fuller.com,Up money piece successful power never sometimes figure Mr.
873,5/31/2025 3:46:00,Occasionally,Dissatisfied,Delhi - Vi,ptaylor@wilson-mcclain.com,Fast home talk majority later economic team ten everyone discuss.
144,5/31/2025 18:24:00,Yes,Dissatisfied,Hyderabad - Airtel,ktaylor@torres-porter.com,Deep television suggest treat quite successful difference usually strategy.
217,5/31/2025 2:14:00,Occasionally,Dissatisfied,Hyderabad - Airtel,qholland@gmail.com,If process strategy owner big increase investment beautiful director or put shake right part room.
229,5/31/2025 20:42:00,Yes,Dissatisfied,Hyderabad - Airtel,beth70@hall.net,Learn seek there identify executive matter teach fish like.
261,5/31/2025 11:29:00,No,Dissatisfied,Hyderabad - Airtel,michael45@gmail.com,Material radio cover Mrs share reason their state rate clear she pull audience.
357,5/31/2025 15:25:00,Yes,Dissatisfied,Hyderabad - Airtel,eringarcia@hotmail.com,Interest when road dinner my letter word.
455,5/31/2025 6:17:00,No,Dissatisfied,Hyderabad - Airtel,walvarez@gmail.com,Newspaper member on minute including anything.
602,5/31/2025 19:25:00,Yes,Dissatisfied,Hyderabad - Airtel,vasquezrobert@murray.org,Child station subject people and wall item study your throw.
614,5/31/2025 7:34:00,Occasionally,Dissatisfied,Hyderabad - Airtel,jennifergutierrez@anderson.com,Watch food brother third table service machine charge.
743,5/31/2025 20:43:00,Yes,Dissatisfied,Hyderabad - Airtel,jonathanbeasley@yahoo.com,Also case will explain local one change fill Congress middle employee.
52,5/31/2025 11:23:00,Yes,Dissatisfied,Hyderabad - BSNL,melvin73@gmail.com,Human red fall help.
119,5/31/2025 23:53:00,Yes,Dissatisfied,Hyderabad - BSNL,williamsjoyce@hotmail.com,Doctor which ahead truth prevent what public body special economy of drive people threat.
150,5/31/2025 7:37:00,Occasionally,Dissatisfied,Hyderabad - BSNL,tylerleblanc@thompson.com,True plant attorney recognize money memory bag among assume.
460,5/31/2025 16:10:00,Yes,Dissatisfied,Hyderabad - BSNL,molly00@fuller.com,White small once language item need on art able boy exist eight deal shake speak small full.
524,5/31/2025 19:10:00,No,Dissatisfied,Hyderabad - BSNL,becky94@haney-smith.com,Billion hospital join various those ago example floor policy science discuss class size dream make success fill.
586,5/31/2025 5:05:00,Occasionally,Dissatisfied,Hyderabad - BSNL,lmoore@morris.com,Worry their difficult near own animal magazine run me create.
608,5/31/2025 4:42:00,Occasionally,Dissatisfied,Hyderabad - BSNL,saragarcia@yahoo.com,Statement far sometimes trade situation explain data enjoy article data green.
615,5/31/2025 4:10:00,Yes,Dissatisfied,Hyderabad - BSNL,barajasderrick@gmail.com,Number budget second everyone office street money anyone language view past society miss sister perhaps financial option seat whom.
963,5/31/2025 17:40:00,Occasionally,Dissatisfied,Hyderabad - BSNL,anna67@ho-carpenter.com,Never part defense group chance win investment why people.
996,5/31/2025 10:09:00,Yes,Dissatisfied,Hyderabad - BSNL,stevenmiller@christian.com,Kind picture hit relate time two whatever economy.
74,5/31/2025 11:17:00,Occasionally,Dissatisfied,Hyderabad - Jio,hamiltonjennifer@ramirez-johnston.com,Laugh eye thought game join compare.
332,5/31/2025 1:53:00,No,Dissatisfied,Hyderabad - Jio,colemansamuel@mendez.org,Product local step responsibility important.
453,5/31/2025 1:15:00,Occasionally,Dissatisfied,Hyderabad - Jio,benitezlauren@hotmail.com,Cell school generation how leave.
459,5/31/2025 9:20:00,No,Dissatisfied,Hyderabad - Jio,dcooper@pope-hunt.net,Year life attention small network least run state president.
626,5/31/2025 7:47:00,No,Dissatisfied,Hyderabad - Jio,landerson@gmail.com,Question girl meet also.
655,5/31/2025 2:33:00,Yes,Dissatisfied,Hyderabad - Jio,robertkim@jacobs-levy.com,Political compare crime serve road easy do word road detail parent perform technology PM difficult figure expert.
907,5/31/2025 2:56:00,No,Dissatisfied,Hyderabad - Jio,kendramathews@anderson.net,Right wonder item learn debate per policy around avoid force.
939,5/31/2025 1:35:00,Yes,Dissatisfied,Hyderabad - Jio,ashley21@gmail.com,Ever well what region personal let put.
79,5/31/2025 19:58:00,Occasionally,Dissatisfied,Hyderabad - Vi,fpatton@harrison-whitaker.org,Century edge such also.
143,5/31/2025 16:31:00,Yes,Dissatisfied,Hyderabad - Vi,judy31@hotmail.com,Leave southern both college authority set animal condition economic perform particular break continue section parent.
276,5/31/2025 11:53:00,Yes,Dissatisfied,Hyderabad - Vi,umyers@adams.com,Indicate think require company wide age idea idea miss shake perform heart recent sometimes agency item cell military.
491,5/31/2025 13:03:00,No,Dissatisfied,Hyderabad - Vi,isaiahmitchell@flores.com,Although nearly election human cover late center class measure hundred seek data public care fund prevent my hand deal around.
561,5/31/2025 4:43:00,No,Dissatisfied,Hyderabad - Vi,christopherpetersen@davis.com,Scientist identify girl keep ago add.
896,5/31/2025 18:23:00,Occasionally,Dissatisfied,Hyderabad - Vi,stonerhonda@quinn.com,Sing parent hospital by space end risk me rock.
942,5/31/2025 0:36:00,No,Dissatisfied,Hyderabad - Vi,christy89@walker-coleman.info,Alone three air remember very medical officer option next.
21,5/31/2025 23:33:00,Occasionally,Dissatisfied,Kolkata - Airtel,gregory51@navarro-daugherty.biz,Fund write use character picture lay.
67,5/31/2025 14:26:00,Yes,Dissatisfied,Kolkata - Airtel,tuckererica@yahoo.com,She sense chair small paper crime build agency.
360,5/31/2025 16:27:00,No,Dissatisfied,Kolkata - Airtel,gloria07@yahoo.com,Exist involve page determine yard nation various southern authority language course health.
696,5/31/2025 11:15:00,Occasionally,Dissatisfied,Kolkata - Airtel,johnsonbrittany@hotmail.com,Indeed all real performance language baby exactly green network theory region state.
742,5/31/2025 2:36:00,No,Dissatisfied,Kolkata - Airtel,jason77@duarte-cox.com,Pass cold choose Mrs four training movement hear walk tell gas husband clear activity often marriage.
998,5/31/2025 14:58:00,Occasionally,Dissatisfied,Kolkata - Airtel,stevenwilliams@washington-gonzales.net,Find be participant account imagine herself.
9,5/31/2025 21:30:00,Occasionally,Dissatisfied,Kolkata - BSNL,sullivancarol@rivera.com,Future camera size blue itself character.
342,5/31/2025 14:25:00,No,Dissatisfied,Kolkata - BSNL,richard45@hotmail.com,Four company all like including issue vote stuff bill good act thing south.
483,5/31/2025 6:20:00,No,Dissatisfied,Kolkata - BSNL,htaylor@espinoza.net,Art drug star although meeting within less talk any common paper.
834,5/31/2025 11:31:00,No,Dissatisfied,Kolkata - BSNL,jennifer49@scott-davis.biz,Water his economic answer cover accept certainly computer cultural adult wait total movement.
986,5/31/2025 15:10:00,Yes,Dissatisfied,Kolkata - BSNL,michaelrice@gmail.com,Skill test note four true kind because its realize eat act live speak.
397,5/31/2025 21:28:00,Yes,Dissatisfied,Kolkata - Jio,christopherchavez@parsons.com,Notice only these raise investment nothing deal eye form.
463,5/31/2025 5:22:00,No,Dissatisfied,Kolkata - Jio,qsanchez@bradford.com,Paper become former everybody cut relationship long fine commercial pick sign approach factor direction summer hear cup.
937,5/31/2025 4:29:00,Yes,Dissatisfied,Kolkata - Jio,nray@keller-hayes.com,Apply positive every up never media million national program attorney pick last baby child.
6,5/31/2025 18:49:00,No,Dissatisfied,Kolkata - Vi,smithjames@hotmail.com,Mother movement each positive organization soon.
59,5/31/2025 22:42:00,Yes,Dissatisfied,Kolkata - Vi,shall@yahoo.com,Bed field despite mother through tonight deal local part age career where eye peace lose doctor water forget.
215,5/31/2025 14:47:00,Yes,Dissatisfied,Kolkata - Vi,sarah07@yahoo.com,Recognize leave kind organization everything power senior late stuff crime.
289,5/31/2025 12:25:00,No,Dissatisfied,Kolkata - Vi,desiree88@taylor.org,Process production room training fight rise.
386,5/31/2025 11:10:00,No,Dissatisfied,Kolkata - Vi,andrewsnathan@hotmail.com,Save face method.
639,5/31/2025 7:20:00,No,Dissatisfied,Kolkata - Vi,henryangela@yahoo.com,Weight plan same big cold party.
651,5/31/2025 18:11:00,Occasionally,Dissatisfied,Kolkata - Vi,sharonross@phillips.com,Turn wide find cell outside.
730,5/31/2025 21:23:00,Yes,Dissatisfied,Kolkata - Vi,angela84@howard.biz,Set really country onto price way the.
833,5/31/2025 22:32:00,Occasionally,Dissatisfied,Kolkata - Vi,joseblankenship@white-armstrong.com,Clearly himself office listen spend whole thus agreement even international dream.
979,5/31/2025 20:15:00,Yes,Dissatisfied,Kolkata - Vi,crivas@wagner.biz,Style teach culture person tonight employee chair real nature plant bar beat challenge dinner vote office hair.
42,5/31/2025 14:43:00,No,Dissatisfied,Mumbai - Airtel,marcusroberts@hotmail.com,Answer to friend newspaper court little.
273,5/31/2025 6:34:00,No,Dissatisfied,Mumbai - Airtel,tbradley@simmons-bonilla.com,Different rather continue try movie issue soon.
286,5/31/2025 23:58:00,No,Dissatisfied,Mumbai - Airtel,derrickwilliams@hotmail.com,Say shoulder couple.
419,5/31/2025 15:31:00,Yes,Dissatisfied,Mumbai - Airtel,randyarcher@hotmail.com,Health study president alone ball whole with culture what pretty charge great early her.
532,5/31/2025 18:43:00,Yes,Dissatisfied,Mumbai - BSNL,kellycallahan@flowers.org,Box where town ask laugh any.
549,5/31/2025 19:18:00,Occasionally,Dissatisfied,Mumbai - BSNL,gutierrezvalerie@yahoo.com,Quality administration apply allow business office practice material international.
630,5/31/2025 5:24:00,No,Dissatisfied,Mumbai - BSNL,thomas59@ellis.com,Floor really job across including live something matter save type.
802,5/31/2025 0:46:00,Occasionally,Dissatisfied,Mumbai - BSNL,johnwilliams@hotmail.com,Street heavy same day suggest.
274,5/31/2025 6:30:00,Occasionally,Dissatisfied,Mumbai - Jio,jill96@yahoo.com,Attorney hour ask huge hear process act however.
281,5/31/2025 13:45:00,No,Dissatisfied,Mumbai - Jio,zwashington@gmail.com,Degree black writer smile worker wait song chair.
355,5/31/2025 0:14:00,Yes,Dissatisfied,Mumbai - Jio,stevenssamuel@jenkins.com,Data clearly which between rock anyone technology bit factor worry live.
465,5/31/2025 5:45:00,Yes,Dissatisfied,Mumbai - Jio,bryan51@yahoo.com,Perhaps test after name today personal position blood record learn his piece so gas certain bank nearly.
690,5/31/2025 13:52:00,Occasionally,Dissatisfied,Mumbai - Jio,millersusan@yahoo.com,People fund hotel performance staff country example organization week.
727,5/31/2025 22:07:00,Yes,Dissatisfied,Mumbai - Jio,brittanythompson@jimenez.com,Fact official debate believe operation up policy town theory kind read leave medical outside measure south network assume.
872,5/31/2025 2:19:00,Yes,Dissatisfied,Mumbai - Jio,ellismichael@yahoo.com,Western entire piece line leg thing produce carry onto food once.
18,5/31/2025 5:15:00,Occasionally,Dissatisfied,Mumbai - Vi,johnsonstephen@villa.net,This drug positive partner enjoy issue black stock.
316,5/31/2025 15:39:00,Yes,Dissatisfied,Mumbai - Vi,dannythomas@sloan-henry.biz,Forward light away agreement where international standard.
948,5/31/2025 18:31:00,Occasionally,Dissatisfied,Mumbai - Vi,leslie69@hotmail.com,Statement develop from opportunity detail maybe sell book sea while explain seven piece me speech.
1000,5/31/2025 19:44:00,No,Dissatisfied,Mumbai - Vi,taylorflores@hotmail.com,Ahead manage senior risk.
159,5/31/2025 8:03:00,No,Dissatisfied,Pune - Airtel,eroberts@gmail.com,Trouble stuff attention fear behind federal price one economic past up to history.
518,5/31/2025 4:06:00,Occasionally,Dissatisfied,Pune - Airtel,cmason@gmail.com,World child cell maintain address.
590,5/31/2025 4:18:00,Yes,Dissatisfied,Pune - Airtel,ywalker@hotmail.com,Available camera talk result alone sit executive idea first prove teacher morning figure such garden enough interesting yeah.
832,5/31/2025 1:03:00,No,Dissatisfied,Pune - Airtel,matthew60@smith.com,Bar sit assume nor go environmental view they move themselves.
121,5/31/2025 23:43:00,Yes,Dissatisfied,Pune - BSNL,nicole92@shaw.com,Minute join church return plant strong reason guess fast rest.
182,5/31/2025 13:33:00,No,Dissatisfied,Pune - BSNL,harrybeasley@howard.net,Fund design treatment fine ten son newspaper his leader behavior agent.
191,5/31/2025 19:26:00,Occasionally,Dissatisfied,Pune - BSNL,johnjohnson@yahoo.com,Until only rich party environmental.
474,5/31/2025 19:07:00,Occasionally,Dissatisfied,Pune - BSNL,rcollins@gmail.com,Necessary state reduce never perform child.
864,5/31/2025 13:58:00,No,Dissatisfied,Pune - BSNL,zdavis@brown.com,Open police us.
905,5/31/2025 13:07:00,Occasionally,Dissatisfied,Pune - BSNL,jsmith@hotmail.com,Strong member goal town would well once activity hospital.
128,5/31/2025 5:39:00,Occasionally,Dissatisfied,Pune - Jio,rlambert@hotmail.com,Page strong right natural career training quite body investment.
223,5/31/2025 5:04:00,No,Dissatisfied,Pune - Jio,nathan47@brown.com,Drop which south lawyer radio daughter prepare fire executive offer.
325,5/31/2025 19:18:00,No,Dissatisfied,Pune - Jio,eddie14@hotmail.com,Sure there on economy join offer customer main cup movement crime care collection listen add.
539,5/31/2025 14:49:00,Yes,Dissatisfied,Pune - Jio,twilliams@sanchez.org,Line hold democratic fall where.
570,5/31/2025 19:23:00,Yes,Dissatisfied,Pune - Jio,jeffreycrawford@hotmail.com,Night claim parent guy public world attorney why generation by.
616,5/31/2025 13:23:00,No,Dissatisfied,Pune - Jio,hnunez@hotmail.com,Card own everybody where big really strategy.
48,5/31/2025 11:27:00,Occasionally,Dissatisfied,Pune - Vi,mcneilkathleen@alexander.com,Dog arm movie wide attorney both even certain.
246,5/31/2025 16:34:00,No,Dissatisfied,Pune - Vi,hensleyyvette@smith.info,On white across weight four natural hospital information service.
326,5/31/2025 19:38:00,Occasionally,Dissatisfied,Pune - Vi,qnelson@thompson.info,Because product green discuss child candidate city bed the citizen purpose this rule.
633,5/31/2025 2:13:00,Occasionally,Dissatisfied,Pune - Vi,ryan67@nelson-chapman.com,Trial president might still letter I last act son management couple design notice Mr green.
166,5/31/2025 22:43:00,No,Neutral,Ahmedabad - Airtel,weaverkristine@yahoo.com,He attorney determine country indicate short operation fill particular through.
882,5/31/2025 20:25:00,Yes,Neutral,Ahmedabad - Airtel,keithrichardson@hotmail.com,Key side bill it reach community give peace rather officer us right protect line word its water.
296,5/31/2025 23:22:00,No,Neutral,Ahmedabad - BSNL,jpeters@yahoo.com,I society test animal check Mr year that dog chance song same.
408,5/31/2025 17:04:00,No,Neutral,Ahmedabad - BSNL,dominguezjulie@hotmail.com,Scientist social media message yet travel apply.
475,5/31/2025 8:55:00,Occasionally,Neutral,Ahmedabad - BSNL,mberry@moore-smith.com,Director answer specific term technology other identify.
541,5/31/2025 15:06:00,No,Neutral,Ahmedabad - BSNL,elizabeth89@figueroa.com,Its red family economy lose.
658,5/31/2025 9:14:00,Occasionally,Neutral,Ahmedabad - BSNL,avaldez@williams.com,Happy top list husband community property consider wife arm degree forward quickly.
985,5/31/2025 3:27:00,Occasionally,Neutral,Ahmedabad - BSNL,carolyn25@medina.net,Although see go especially me box hair phone walk room today.
117,5/31/2025 17:54:00,Occasionally,Neutral,Ahmedabad - Jio,haley24@smith.org,Reveal big natural some return arrive study down general form deep doctor together onto eat.
167,5/31/2025 12:43:00,No,Neutral,Ahmedabad - Jio,jessica18@gmail.com,Executive four technology inside others garden able myself pass him condition drive administration sit where.
283,5/31/2025 8:25:00,No,Neutral,Ahmedabad - Jio,davidanderson@hotmail.com,Know others theory population professor partner personal spring what feeling consider base.
426,5/31/2025 22:07:00,Yes,Neutral,Ahmedabad - Jio,michael90@brown.com,Mean west national consumer anything employee.
562,5/31/2025 19:49:00,No,Neutral,Ahmedabad - Jio,rosskaren@carter.biz,Thus fast spring edge service quite think picture stay.
661,5/31/2025 8:43:00,Yes,Neutral,Ahmedabad - Jio,angela31@hodge-lee.org,Think Mr fine happen trial without pattern thousand project sea series power success various certain former.
741,5/31/2025 6:20:00,Occasionally,Neutral,Ahmedabad - Jio,diazjustin@hotmail.com,Today indicate too spring.
874,5/31/2025 7:32:00,Yes,Neutral,Ahmedabad - Jio,yhopkins@payne.com,Time green relate into opportunity character.
448,5/31/2025 10:51:00,No,Neutral,Ahmedabad - Vi,timothycook@gmail.com,Discover even order yeah why two send language.
486,5/31/2025 9:35:00,No,Neutral,Ahmedabad - Vi,qsimpson@fitzpatrick.info,Care wait set even crime on.
514,5/31/2025 4:18:00,Occasionally,Neutral,Ahmedabad - Vi,larry70@perez.net,Admit fill material kind focus teacher force truth space.
517,5/31/2025 13:48:00,Yes,Neutral,Ahmedabad - Vi,davidshaw@curry.info,Challenge again buy model science than marriage bed commercial ago allow perhaps around series continue.
619,5/31/2025 12:16:00,Yes,Neutral,Ahmedabad - Vi,smatthews@yahoo.com,Day lawyer entire perhaps whole follow explain community sport past newspaper we fish.
721,5/31/2025 15:25:00,Yes,Neutral,Ahmedabad - Vi,riveravincent@hotmail.com,No prevent official write indicate ask individual yet president process until.
999,5/31/2025 8:52:00,Yes,Neutral,Ahmedabad - Vi,juansmith@rogers-harrison.com,Everything near recognize.
25,5/31/2025 1:44:00,Occasionally,Neutral,Bangalore - Airtel,crystalbrewer@golden-castro.com,Station talk want party no care discuss face similar have.
412,5/31/2025 21:39:00,No,Neutral,Bangalore - Airtel,ricekathleen@kelly-sanchez.com,Election glass change evidence.
776,5/31/2025 18:55:00,No,Neutral,Bangalore - Airtel,smithevan@hotmail.com,Make yet six well condition important across sister.
792,5/31/2025 4:42:00,Occasionally,Neutral,Bangalore - Airtel,amyryan@curtis.com,Us run ability fear treat special administration enough score.
902,5/31/2025 7:19:00,Yes,Neutral,Bangalore - Airtel,brookssteve@yahoo.com,Old thus return tend of teach.
29,5/31/2025 5:31:00,Occasionally,Neutral,Bangalore - BSNL,dustinwhite@soto-moore.com,Far little later everyone list raise study remain first rule any support visit matter between.
542,5/31/2025 9:06:00,No,Neutral,Bangalore - BSNL,vincentnancy@brown-hayden.biz,Strong fund improve face send than detail see.
550,5/31/2025 8:57:00,Yes,Neutral,Bangalore - BSNL,bjohnson@hunt.info,Want shoulder pattern politics almost interview safe project reason first behavior.
558,5/31/2025 12:41:00,Yes,Neutral,Bangalore - BSNL,laura53@yahoo.com,Until hot senior stop hope.
719,5/31/2025 1:36:00,No,Neutral,Bangalore - BSNL,steve02@gmail.com,Stuff edge or nearly thank describe stock police situation arrive.
749,5/31/2025 19:23:00,Yes,Neutral,Bangalore - BSNL,jmarks@gross.org,Difference data its week since.
363,5/31/2025 23:35:00,No,Neutral,Bangalore - Jio,paul82@hotmail.com,Many see anyone do federal thought despite say exactly everybody alone.
379,5/31/2025 5:00:00,No,Neutral,Bangalore - Jio,nathansmith@hernandez.org,Rich tough never her ok fast body according.
677,5/31/2025 16:58:00,Occasionally,Neutral,Bangalore - Jio,gabrielcarpenter@yahoo.com,For avoid nation father economy position interesting religious true.
828,5/31/2025 20:16:00,Occasionally,Neutral,Bangalore - Jio,xmaldonado@lowe.info,Democratic risk house body wrong poor yard order kind church book affect Mr resource street growth politics.
12,5/31/2025 16:52:00,No,Neutral,Bangalore - Vi,michaelmurphy@morris.info,Sea firm clearly capital leader under approach hit live story again information fall.
63,5/31/2025 18:49:00,Occasionally,Neutral,Bangalore - Vi,newmannicholas@shields-sims.com,Then pay nature produce improve all candidate idea thought.
554,5/31/2025 5:43:00,Occasionally,Neutral,Bangalore - Vi,rodney94@hall.com,Note no behind mother effect wife can.
665,5/31/2025 6:18:00,No,Neutral,Bangalore - Vi,lanenicole@campbell.com,Wait forward whom know tough news right seek beat effect them nature sure particularly like everybody table.
58,5/31/2025 0:36:00,Occasionally,Neutral,Chennai - Airtel,sbrown@hotmail.com,High ready writer general exactly town effort three high without somebody.
66,5/31/2025 15:00:00,Yes,Neutral,Chennai - Airtel,ymartinez@randolph.biz,Describe ok upon about thought.
131,5/31/2025 14:25:00,No,Neutral,Chennai - Airtel,megan85@gmail.com,College customer process truth structure pick choice phone throw space through door forward dark.
149,5/31/2025 17:55:00,No,Neutral,Chennai - Airtel,matthew90@wong-rodriguez.org,As big character you important organization power account economic guess rock onto relate.
565,5/31/2025 10:28:00,Yes,Neutral,Chennai - Airtel,wilkinssteven@warren.com,Force actually six even program.
909,5/31/2025 20:51:00,No,Neutral,Chennai - Airtel,xbullock@hotmail.com,Sometimes class decision.
285,5/31/2025 21:00:00,Yes,Neutral,Chennai - BSNL,lauramathews@cisneros.com,Data wonder already staff she my risk.
441,5/31/2025 15:31:00,Occasionally,Neutral,Chennai - BSNL,jennadavis@gmail.com,Enjoy pattern recent rest ever management example describe visit answer officer bag property special design push.
643,5/31/2025 12:31:00,No,Neutral,Chennai - BSNL,pamela69@gmail.com,Everyone civil treat contain player every give.
949,5/31/2025 0:55:00,Occasionally,Neutral,Chennai - BSNL,vramos@yahoo.com,Why ahead begin modern positive project born become position.
125,5/31/2025 0:00:00,No,Neutral,Chennai - Jio,kimberly27@ellison-wilson.com,Century under help law herself chance worker hard.
126,5/31/2025 23:32:00,No,Neutral,Chennai - Jio,lisamitchell@holmes-pierce.net,Dinner style stop tonight drop price.
160,5/31/2025 14:53:00,Occasionally,Neutral,Chennai - Jio,piercedeborah@hotmail.com,Go turn to carry government think in safe truth assume training reality choose tend media remember trial smile west.
323,5/31/2025 1:25:00,Occasionally,Neutral,Chennai - Jio,banderson@hotmail.com,Candidate have end according collection effect gas huge space when final one draw mother city individual who box.
473,5/31/2025 19:27:00,Occasionally,Neutral,Chennai - Jio,sean81@king-thomas.info,Policy early call only small structure treat drive probably article happen skill help.
519,5/31/2025 19:19:00,No,Neutral,Chennai - Jio,jeffreyanderson@gmail.com,Great ok process suggest spend system option model these very least the list draw speak investment kind.
553,5/31/2025 21:47:00,No,Neutral,Chennai - Jio,reyesanthony@perez.com,Claim reality federal hold put choose ground while energy employee former college blue very back.
829,5/31/2025 14:05:00,No,Neutral,Chennai - Jio,ythomas@hotmail.com,Relate reveal nation sense friend soldier.
371,5/31/2025 15:58:00,No,Neutral,Chennai - Vi,michaelzamora@gmail.com,Mission yourself begin join realize bank measure have seat.
714,5/31/2025 18:51:00,Occasionally,Neutral,Chennai - Vi,riggsjennifer@smith-garcia.org,About case thousand team their indeed finally to there tax identify sell seven space audience focus.
242,5/31/2025 13:00:00,Occasionally,Neutral,Delhi - Airtel,billlittle@hotmail.com,Project decision fine indicate realize message choose glass people consider house report main.
461,5/31/2025 12:05:00,Occasionally,Neutral,Delhi - Airtel,tiffany46@romero.com,Light plant believe firm.
836,5/31/2025 0:45:00,Yes,Neutral,Delhi - Airtel,sarakent@gmail.com,Current along effect price trouble short nothing teacher fine road national rest much yet.
64,5/31/2025 21:14:00,Occasionally,Neutral,Delhi - BSNL,timothyshelton@hotmail.com,Safe sport care south.
164,5/31/2025 11:27:00,Yes,Neutral,Delhi - BSNL,hthompson@stuart-taylor.com,Participant effect entire test as receive safe thought voice.
225,5/31/2025 21:47:00,Occasionally,Neutral,Delhi - BSNL,joelwalton@woods.biz,Rock music onto writer floor head probably scientist by by cause worry.
293,5/31/2025 23:50:00,No,Neutral,Delhi - BSNL,smithbrittany@pratt-robertson.com,Play choose cup well line area water born resource five full expert ready still candidate.
693,5/31/2025 18:12:00,Occasionally,Neutral,Delhi - BSNL,michellerose@chung.org,Actually loss as computer onto by assume.
778,5/31/2025 5:48:00,Occasionally,Neutral,Delhi - BSNL,allisondickson@cole.org,So animal attention whom coach.
816,5/31/2025 14:45:00,No,Neutral,Delhi - BSNL,jimenezderek@gmail.com,It describe character admit nature hundred line whole trouble act environment fact word case style have around by prevent.
841,5/31/2025 4:00:00,No,Neutral,Delhi - BSNL,jennifer12@blair-harrison.info,No race war government one north grow will term.
280,5/31/2025 0:31:00,Yes,Neutral,Delhi - Jio,ecarpenter@yahoo.com,Significant different other huge material generation.
457,5/31/2025 4:56:00,Yes,Neutral,Delhi - Jio,ypage@ellis-jackson.com,Analysis stage over yes task by why physical direction so.
781,5/31/2025 17:53:00,Yes,Neutral,Delhi - Jio,erin30@yahoo.com,Both exactly represent soon best gas world charge its.
788,5/31/2025 19:49:00,Yes,Neutral,Delhi - Jio,kimberly61@yahoo.com,View activity she herself expert within.
976,5/31/2025 2:24:00,No,Neutral,Delhi - Jio,xjordan@lopez.net,Treat girl under hotel.
13,5/31/2025 2:06:00,No,Neutral,Delhi - Vi,byrderica@gmail.com,Total present material present tough head community future answer.
104,5/31/2025 1:05:00,Yes,Neutral,Delhi - Vi,kellychapman@yahoo.com,Minute remember leg thing set start easy use trade least.
243,5/31/2025 0:21:00,Occasionally,Neutral,Delhi - Vi,travis94@page.net,Two rise wall benefit relate data him newspaper deep serious baby.
303,5/31/2025 13:19:00,Yes,Neutral,Delhi - Vi,gabriel64@gmail.com,Purpose hope main carry.
620,5/31/2025 0:16:00,Occasionally,Neutral,Delhi - Vi,wgilmore@williams-bauer.com,This win beautiful smile according several onto enjoy federal painting professor single challenge face as need.
826,5/31/2025 22:02:00,Occasionally,Neutral,Delhi - Vi,drodriguez@gordon-obrien.com,Message body including within these whatever window.
304,5/31/2025 1:51:00,Yes,Neutral,Hyderabad - Airtel,igarza@gmail.com,Building to whose national start enough whom group since director get south fear face attention before avoid hard.
361,5/31/2025 9:00:00,Yes,Neutral,Hyderabad - Airtel,jacksonjessica@bartlett.org,Shoulder for talk place produce.
762,5/31/2025 7:08:00,Occasionally,Neutral,Hyderabad - Airtel,tgross@gmail.com,Drive citizen candidate this ahead however recognize future job for decision laugh nor poor head.
972,5/31/2025 12:34:00,Yes,Neutral,Hyderabad - Airtel,brenda88@gmail.com,Bring short figure case team common face sign like happen spend among.
158,5/31/2025 10:07:00,Yes,Neutral,Hyderabad - BSNL,codyrussell@gmail.com,Seek side goal easy relationship site along college read.
269,5/31/2025 6:03:00,Yes,Neutral,Hyderabad - BSNL,garcianicole@stephens-mitchell.com,Meeting over past outside early window ground play here much.
341,5/31/2025 18:16:00,Yes,Neutral,Hyderabad - BSNL,beth07@yahoo.com,She address rich him travel include key step book business.
349,5/31/2025 17:09:00,Yes,Neutral,Hyderabad - BSNL,ishepard@hotmail.com,Building plan yeah level including somebody worker in.
649,5/31/2025 3:05:00,No,Neutral,Hyderabad - BSNL,timrivera@gmail.com,Put analysis already.
756,5/31/2025 8:15:00,No,Neutral,Hyderabad - BSNL,kara39@moore-gallegos.com,Watch film street radio government discover.
797,5/31/2025 2:16:00,Yes,Neutral,Hyderabad - BSNL,kjones@gmail.com,And never factor you answer each develop season.
851,5/31/2025 0:16:00,Occasionally,Neutral,Hyderabad - BSNL,erin03@gmail.com,Company property local money relate simply explain indicate first modern score.
881,5/31/2025 13:10:00,Occasionally,Neutral,Hyderabad - BSNL,jessicatodd@miranda-sanders.net,Story but exist first yet change relate ball pull theory skin hour simply cut.
911,5/31/2025 23:08:00,Occasionally,Neutral,Hyderabad - BSNL,eddie83@manning.com,Have paper matter away energy car brother red various heart.
920,5/31/2025 1:42:00,No,Neutral,Hyderabad - BSNL,johnsonbrian@yahoo.com,Guy few company two place suggest change off century people start.
50,5/31/2025 20:14:00,Occasionally,Neutral,Hyderabad - Jio,matthewschris@yahoo.com,Happy head require agreement.
147,5/31/2025 11:25:00,Yes,Neutral,Hyderabad - Jio,william48@madden-edwards.com,Enough medical deal cost field political.
385,5/31/2025 14:16:00,Occasionally,Neutral,Hyderabad - Jio,perezdevin@matthews-jackson.biz,Strong rich sometimes how husband rock particular treatment.
685,5/31/2025 20:35:00,Yes,Neutral,Hyderabad - Jio,curtissmith@gmail.com,Early tough clear ground between vote beyond level dinner listen without knowledge mouth real various recently.
165,5/31/2025 19:02:00,Occasionally,Neutral,Hyderabad - Vi,adam48@smith.com,Speak response marriage reason chance table article across star owner fight wall check or really.
330,5/31/2025 0:23:00,No,Neutral,Hyderabad - Vi,jayers@young.info,Try among white break.
538,5/31/2025 19:55:00,No,Neutral,Hyderabad - Vi,margaretshannon@gmail.com,Response including describe my research sing western game feeling forget marriage.
712,5/31/2025 3:19:00,No,Neutral,Hyderabad - Vi,michael49@yahoo.com,Staff officer might there.
894,5/31/2025 1:35:00,No,Neutral,Hyderabad - Vi,gestrada@gmail.com,Modern garden result military.
1,5/31/2025 16:04:00,Yes,Neutral,Kolkata - Airtel,ericreyes@hotmail.com,Anything wear pressure car quality miss.
41,5/31/2025 13:45:00,Occasionally,Neutral,Kolkata - Airtel,zallen@moon.com,Your body organization activity all wind picture.
290,5/31/2025 8:42:00,No,Neutral,Kolkata - Airtel,john86@cooper.org,Arrive woman me high sell pick finally plant himself you necessary child none war court.
315,5/31/2025 23:00:00,No,Neutral,Kolkata - Airtel,cynthia43@wilson-jackson.com,Majority star heart care president.
646,5/31/2025 19:31:00,Occasionally,Neutral,Kolkata - Airtel,natalie28@hotmail.com,Benefit type economic culture ahead more trip.
803,5/31/2025 4:17:00,Occasionally,Neutral,Kolkata - Airtel,mcdonaldjudy@hotmail.com,Film purpose sell job type price gun south else center year teach fly determine.
813,5/31/2025 3:40:00,Yes,Neutral,Kolkata - Airtel,toddhess@meadows.com,Feeling home although education word firm maybe wife natural account brother century before.
895,5/31/2025 22:02:00,No,Neutral,Kolkata - Airtel,efarley@yahoo.com,Soon over practice.
161,5/31/2025 7:53:00,Occasionally,Neutral,Kolkata - BSNL,billyhansen@gmail.com,Support structure require ahead time compare team window include man be.
177,5/31/2025 1:20:00,No,Neutral,Kolkata - BSNL,xcook@lee.biz,Control stock magazine member serious win save major live.
224,5/31/2025 22:38:00,Yes,Neutral,Kolkata - BSNL,roychristina@price-johnson.com,Chance month station defense really degree yourself small.
260,5/31/2025 6:52:00,Occasionally,Neutral,Kolkata - BSNL,john70@gmail.com,Our research sure bad will sure sport read apply amount.
356,5/31/2025 21:29:00,No,Neutral,Kolkata - BSNL,deanwheeler@gmail.com,Early stand stage increase during would area suddenly writer so store myself.
575,5/31/2025 23:30:00,No,Neutral,Kolkata - BSNL,joe24@nelson-durham.biz,Pm that stage present ok everyone news agreement start magazine.
593,5/31/2025 20:47:00,No,Neutral,Kolkata - BSNL,amandahaley@peters.org,Nature improve loss thank month general dinner animal.
663,5/31/2025 8:47:00,Yes,Neutral,Kolkata - BSNL,farrellkevin@sanchez-perez.info,Set share staff million according magazine front community.
669,5/31/2025 8:40:00,Occasionally,Neutral,Kolkata - BSNL,ychavez@gmail.com,Them stay long great member white candidate draw staff last him scientist.
759,5/31/2025 5:03:00,Occasionally,Neutral,Kolkata - BSNL,brian00@wells-richards.com,Movement us bit type fast actually crime improve myself law window plant identify case night street check.
32,5/31/2025 19:34:00,No,Neutral,Kolkata - Jio,jennifersmith@maldonado.com,Not another vote live hair campaign.
245,5/31/2025 1:14:00,Yes,Neutral,Kolkata - Jio,christopher19@martinez.com,Free kitchen treatment major rule nearly some.
856,5/31/2025 21:19:00,No,Neutral,Kolkata - Jio,casey63@hotmail.com,Action nor data response somebody then assume late exist smile him president.
964,5/31/2025 3:59:00,Yes,Neutral,Kolkata - Jio,manuelbarr@yahoo.com,Owner without sit author decade.
62,5/31/2025 1:59:00,No,Neutral,Kolkata - Vi,isaac38@yahoo.com,Try contain inside commercial position stand bank event get baby television agreement develop.
372,5/31/2025 9:51:00,Occasionally,Neutral,Kolkata - Vi,heatherhoffman@marsh.com,Interest economy against four Congress mouth look authority budget.
546,5/31/2025 21:48:00,Yes,Neutral,Kolkata - Vi,toddward@yahoo.com,Fight new into.
629,5/31/2025 15:00:00,Occasionally,Neutral,Kolkata - Vi,arroyomegan@kirby-petty.org,Off able attention stand or common total need friend crime begin language write natural color manage theory forward reach.
883,5/31/2025 22:20:00,No,Neutral,Kolkata - Vi,zimmermanmelanie@torres-bradley.com,Perhaps blood do against in street pass rise away five.
947,5/31/2025 6:32:00,Occasionally,Neutral,Kolkata - Vi,george46@moore-jordan.org,Visit decade beyond word serious whatever.
109,5/31/2025 3:13:00,Occasionally,Neutral,Mumbai - Airtel,xmckenzie@hotmail.com,Under check section human must experience real arrive.
237,5/31/2025 15:19:00,Yes,Neutral,Mumbai - Airtel,riveraerin@dennis-santiago.info,Decide trade natural each young score chance manage data page.
373,5/31/2025 17:40:00,No,Neutral,Mumbai - Airtel,acalhoun@garcia.org,Since perhaps walk skin expert car capital cup dark water whether.
428,5/31/2025 1:25:00,No,Neutral,Mumbai - Airtel,jameshayes@hotmail.com,Drive growth age enjoy address land international trip believe imagine around pressure pretty material money far smile speech.
507,5/31/2025 6:06:00,Occasionally,Neutral,Mumbai - Airtel,billy63@rivera.biz,Tend actually suffer memory bar own matter physical beyond tell.
627,5/31/2025 9:52:00,No,Neutral,Mumbai - Airtel,kenttonya@jones-reeves.com,Sing easy begin.
997,5/31/2025 18:41:00,Occasionally,Neutral,Mumbai - Airtel,smorrison@miranda.com,Material machine specific PM authority possible nation.
110,5/31/2025 13:12:00,Yes,Neutral,Mumbai - BSNL,johnsonadam@gmail.com,Continue marriage quite five consider they bill education church appear everybody enough.
585,5/31/2025 21:53:00,Occasionally,Neutral,Mumbai - BSNL,emily24@hotmail.com,Theory exist sign space catch budget term her.
647,5/31/2025 3:24:00,No,Neutral,Mumbai - BSNL,umoore@ford.info,Compare middle nation final fly already pass.
790,5/31/2025 16:40:00,Yes,Neutral,Mumbai - BSNL,barnespaul@hotmail.com,Work experience meet part oil operation sea agent relate garden employee worry at soon stand always.
940,5/31/2025 3:53:00,Occasionally,Neutral,Mumbai - BSNL,santoskaren@schultz-davis.com,Catch federal relationship half citizen number.
946,5/31/2025 18:02:00,Yes,Neutral,Mumbai - BSNL,jimenezmarissa@gmail.com,See gas gun myself themselves officer close eight throw hospital imagine civil rock or may.
210,5/31/2025 17:14:00,Occasionally,Neutral,Mumbai - Jio,kimberly03@davis.biz,Gun quite television building once.
594,5/31/2025 13:33:00,No,Neutral,Mumbai - Jio,carolynaustin@gmail.com,Few east back accept ago determine section expert that from address letter yeah.
636,5/31/2025 3:23:00,No,Neutral,Mumbai - Jio,morancrystal@baxter-hicks.com,His international quality return beautiful for hard.
967,5/31/2025 13:15:00,Yes,Neutral,Mumbai - Jio,uwillis@gmail.com,Capital official house evidence wrong truth direction trade institution.
980,5/31/2025 5:18:00,No,Neutral,Mumbai - Jio,fernando80@gmail.com,Push large former worry if major material.
271,5/31/2025 1:35:00,No,Neutral,Mumbai - Vi,nelsonelaine@gmail.com,Teach term movie crime community big physical wait happy.
405,5/31/2025 15:52:00,Occasionally,Neutral,Mumbai - Vi,xallen@ramos.com,Scientist ability easy yeah air act receive environmental face usually tonight pattern begin score summer gun.
433,5/31/2025 16:12:00,No,Neutral,Mumbai - Vi,audreysmith@burke.com,Land every study increase identify war.
631,5/31/2025 18:28:00,Yes,Neutral,Mumbai - Vi,fwright@greene.com,Who college dog difference chance be structure five carry training open security condition write.
769,5/31/2025 16:30:00,Occasionally,Neutral,Mumbai - Vi,gcastaneda@yahoo.com,Official senior success break apply ok week occur.
809,5/31/2025 5:17:00,Occasionally,Neutral,Mumbai - Vi,geoffrey47@wood-roberts.com,The grow how and.
95,5/31/2025 8:04:00,Occasionally,Neutral,Pune - Airtel,robert75@gmail.com,Ever contain another fire also organization sell less fast.
270,5/31/2025 4:27:00,Yes,Neutral,Pune - Airtel,yjackson@gmail.com,Thus expect sister kitchen police fall together indicate draw service quite age.
312,5/31/2025 23:11:00,No,Neutral,Pune - Airtel,jeff01@hotmail.com,College group food watch argue.
525,5/31/2025 4:34:00,Yes,Neutral,Pune - Airtel,chase44@yahoo.com,Reality scientist alone pass his.
965,5/31/2025 3:15:00,Occasionally,Neutral,Pune - Airtel,paulromero@mann.com,After agree professional tax.
974,5/31/2025 22:17:00,No,Neutral,Pune - Airtel,ashleyharmon@yahoo.com,Certain light way accept song.
148,5/31/2025 18:06:00,Yes,Neutral,Pune - BSNL,shelleytucker@livingston-hall.org,Player option Republican believe democratic subject kid throw heavy energy baby also.
200,5/31/2025 20:11:00,Occasionally,Neutral,Pune - BSNL,anthonygolden@phillips.info,Property good main difference moment and realize.
238,5/31/2025 20:58:00,No,Neutral,Pune - BSNL,iperez@smith-anderson.com,Effect by front them performance song include.
407,5/31/2025 15:18:00,Yes,Neutral,Pune - BSNL,edwardsjose@tanner.org,Model town manager.
771,5/31/2025 7:57:00,Occasionally,Neutral,Pune - BSNL,jlloyd@hotmail.com,Fast my rich bag inside stand.
808,5/31/2025 22:10:00,Yes,Neutral,Pune - BSNL,john34@garcia.com,Allow rest put company father home apply chance system material.
857,5/31/2025 5:24:00,No,Neutral,Pune - BSNL,juliedonaldson@yahoo.com,Build use wide available over bill positive toward forward.
924,5/31/2025 6:54:00,Occasionally,Neutral,Pune - BSNL,stephenbryant@mcbride-adams.com,Size training item inside center possible owner house the.
936,5/31/2025 9:54:00,Yes,Neutral,Pune - BSNL,rsaunders@payne-smith.net,Beat prove family interest word family reach plan.
950,5/31/2025 1:37:00,Occasionally,Neutral,Pune - BSNL,peggyhunter@cooke.com,Represent before article wish vote meet thank.
34,5/31/2025 4:20:00,Yes,Neutral,Pune - Jio,zlee@yahoo.com,Sound process interview campaign thus everybody open total people personal future thousand alone.
98,5/31/2025 10:47:00,Occasionally,Neutral,Pune - Jio,ramirezjake@gmail.com,North visit approach determine prove.
239,5/31/2025 20:20:00,No,Neutral,Pune - Jio,mary75@gmail.com,Might until along often girl three particularly director simple.
591,5/31/2025 19:23:00,Yes,Neutral,Pune - Jio,frederick37@thomas.org,Region chance raise small.
660,5/31/2025 15:32:00,No,Neutral,Pune - Jio,angela22@jenkins.com,Second operation series allow lay four.
701,5/31/2025 0:01:00,No,Neutral,Pune - Jio,matthewrobinson@cowan.com,She total as style painting thus road analysis natural bill bag.
877,5/31/2025 13:23:00,No,Neutral,Pune - Jio,sandersheidi@hotmail.com,Whole agency seem all allow point herself who break onto.
212,5/31/2025 8:30:00,Occasionally,Neutral,Pune - Vi,jessicadavid@waller-lopez.com,Adult never day close decision seem adult while father training either form station interesting purpose.
221,5/31/2025 19:26:00,Yes,Neutral,Pune - Vi,arroyodevin@hendrix.net,Pattern style involve same Democrat south.
545,5/31/2025 9:30:00,No,Neutral,Pune - Vi,guerrerojoseph@hotmail.com,Anyone peace reason someone senior yourself machine.
557,5/31/2025 14:53:00,No,Neutral,Pune - Vi,xsmith@gmail.com,New third PM movie consumer event.
935,5/31/2025 1:27:00,No,Neutral,Pune - Vi,wduke@yahoo.com,House key he draw change onto cup year per reduce.
272,5/31/2025 15:04:00,Yes,Satisfied,Ahmedabad - Airtel,john85@hotmail.com,Least forget from social civil hand effort officer couple trial art heart simple someone.
336,5/31/2025 6:03:00,No,Satisfied,Ahmedabad - Airtel,wsherman@gmail.com,She allow compare such ground whose religious throughout.
926,5/31/2025 7:45:00,Yes,Satisfied,Ahmedabad - Airtel,psolis@lee.com,Onto wait outside through wear type from price effect chair.
444,5/31/2025 3:44:00,Occasionally,Satisfied,Ahmedabad - BSNL,clarkcynthia@chavez.com,Prove exist social star quickly left seat answer.
678,5/31/2025 9:14:00,Occasionally,Satisfied,Ahmedabad - BSNL,allison91@hotmail.com,Direction show compare indeed edge anyone high meet serious.
737,5/31/2025 2:50:00,No,Satisfied,Ahmedabad - BSNL,gregory66@morgan-parks.org,Too relate front safe food move still letter low.
779,5/31/2025 17:37:00,Occasionally,Satisfied,Ahmedabad - BSNL,qlewis@black.com,Again night author call others think military religious significant join ok defense question number drop.
794,5/31/2025 16:29:00,Occasionally,Satisfied,Ahmedabad - BSNL,matthew54@yahoo.com,If dream serve true laugh material cost mean last because security.
910,5/31/2025 3:08:00,Occasionally,Satisfied,Ahmedabad - BSNL,heather73@gmail.com,By next imagine rather recent form century hospital.
112,5/31/2025 8:42:00,Yes,Satisfied,Ahmedabad - Jio,sthompson@gmail.com,Effort end use likely hard follow senior perhaps eye I seven first.
141,5/31/2025 10:50:00,Yes,Satisfied,Ahmedabad - Jio,crystalpeterson@ortiz-mclaughlin.com,Whom fact language matter house environment Mrs east check minute occur.
169,5/31/2025 2:00:00,Occasionally,Satisfied,Ahmedabad - Jio,qjohnson@dickson.biz,Thank walk off take defense within ten hear up.
219,5/31/2025 20:23:00,Yes,Satisfied,Ahmedabad - Jio,stephaniegomez@cooper.com,Thought end owner think wide sea.
482,5/31/2025 13:11:00,No,Satisfied,Ahmedabad - Jio,howellmark@cook-hernandez.com,Pm news assume relationship year traditional total.
559,5/31/2025 23:21:00,No,Satisfied,Ahmedabad - Jio,bradleymccullough@yahoo.com,Put forward kind authority local hope rather always try sense early list say that physical position see.
718,5/31/2025 10:54:00,Occasionally,Satisfied,Ahmedabad - Jio,donaldsondaniel@williams.info,Side speak PM marriage lose add include nation gun then pressure.
748,5/31/2025 21:31:00,Occasionally,Satisfied,Ahmedabad - Jio,rcastro@gmail.com,Attorney when child travel behavior stop black.
843,5/31/2025 2:39:00,Yes,Satisfied,Ahmedabad - Jio,rebeccahanson@adams.org,Marriage believe full house I.
3,5/31/2025 9:55:00,Occasionally,Satisfied,Ahmedabad - Vi,madison92@singleton.info,Center face girl month pressure church action position.
199,5/31/2025 10:45:00,No,Satisfied,Ahmedabad - Vi,zmedina@yahoo.com,Around move late yes capital focus table PM glass away turn customer tell party doctor who raise with.
502,5/31/2025 22:53:00,Yes,Satisfied,Ahmedabad - Vi,silvachristopher@bryant.net,Discover listen happen majority wrong stand computer go under start.
713,5/31/2025 17:33:00,No,Satisfied,Ahmedabad - Vi,martinkristie@yahoo.com,Movie outside commercial raise section turn law box fund manage will development with thus indeed news.
822,5/31/2025 16:08:00,Occasionally,Satisfied,Ahmedabad - Vi,nthomas@gmail.com,Standard us describe else interest fund study billion take.
927,5/31/2025 6:28:00,Occasionally,Satisfied,Ahmedabad - Vi,lisamichael@hotmail.com,Cold son use agreement professor set campaign among plan off eye that drop hour although argue catch continue here.
989,5/31/2025 22:39:00,Yes,Satisfied,Ahmedabad - Vi,hmathis@yahoo.com,Million service development.
995,5/31/2025 17:53:00,Occasionally,Satisfied,Ahmedabad - Vi,thomasstephens@sullivan-dennis.com,Despite present training rather.
85,5/31/2025 11:36:00,Yes,Satisfied,Bangalore - Airtel,michael41@meyers-vasquez.org,Serve short I everything subject beautiful ahead thank area fight visit.
176,5/31/2025 10:55:00,Occasionally,Satisfied,Bangalore - Airtel,sabrinasnyder@bryant.info,Middle claim end recently body grow yourself cause similar paper fight.
436,5/31/2025 13:32:00,Yes,Satisfied,Bangalore - Airtel,zthomas@neal.com,Since close site into major music nor first describe arrive huge when college why.
445,5/31/2025 1:23:00,No,Satisfied,Bangalore - Airtel,umcdonald@foster.com,Cut say area.
505,5/31/2025 22:26:00,Yes,Satisfied,Bangalore - Airtel,cassandra60@lee.com,Government room worker popular power investment.
580,5/31/2025 6:50:00,Yes,Satisfied,Bangalore - Airtel,fatkinson@gmail.com,Financial smile billion because administration break.
621,5/31/2025 10:20:00,Yes,Satisfied,Bangalore - Airtel,peckmitchell@rose.biz,Much growth bed second ask guy partner mention player help.
717,5/31/2025 1:18:00,Occasionally,Satisfied,Bangalore - Airtel,jessicasmith@collins.com,Gas feel offer miss property among identify.
839,5/31/2025 14:41:00,No,Satisfied,Bangalore - Airtel,joannahorton@thomas-ramos.com,Large other shoulder security blood else create degree skill price.
968,5/31/2025 3:21:00,No,Satisfied,Bangalore - Airtel,tgill@hotmail.com,One dog national degree financial down easy live idea represent true moment serious bag.
584,5/31/2025 13:04:00,Yes,Satisfied,Bangalore - BSNL,jonathan16@johnson.com,Price face single mission ball window after.
606,5/31/2025 9:31:00,Occasionally,Satisfied,Bangalore - BSNL,jsanders@hotmail.com,Apply smile kitchen history society others card.
880,5/31/2025 18:51:00,Occasionally,Satisfied,Bangalore - BSNL,johnsonsharon@hotmail.com,Measure race much game issue present kind each not various.
49,5/31/2025 17:03:00,Yes,Satisfied,Bangalore - Jio,wallacechristina@owens.com,Home hear piece chair hand result place detail agency mission.
178,5/31/2025 4:52:00,Yes,Satisfied,Bangalore - Jio,tammyrogers@thompson.com,Should quality raise training especially position mean.
506,5/31/2025 16:34:00,Occasionally,Satisfied,Bangalore - Jio,timothydonovan@hotmail.com,Require glass step cause of bank sit.
686,5/31/2025 23:48:00,Occasionally,Satisfied,Bangalore - Jio,penasandra@johnson.net,Position determine debate image simply situation popular condition watch difference hotel fear end should field.
80,5/31/2025 3:53:00,No,Satisfied,Bangalore - Vi,xmiller@hernandez.info,Station boy will image far television.
129,5/31/2025 20:37:00,Yes,Satisfied,Bangalore - Vi,bobbyrandall@harris-smith.com,Pay stand artist glass eight report man carry ago nothing view similar then trouble three expect change market.
319,5/31/2025 2:45:00,Yes,Satisfied,Bangalore - Vi,amandamiller@marshall.com,Policy stock view example provide feeling people PM today policy technology our least system.
327,5/31/2025 2:04:00,Occasionally,Satisfied,Bangalore - Vi,ywilliams@scott.biz,Performance policy agency country tell role during she thought blue late take business society catch suggest win.
376,5/31/2025 6:50:00,Occasionally,Satisfied,Bangalore - Vi,craig43@taylor.com,Laugh actually product concern hear show control let success half week behavior country.
509,5/31/2025 17:44:00,No,Satisfied,Bangalore - Vi,jeffersonkevin@anderson.biz,Certainly window after station already impact imagine picture card.
706,5/31/2025 11:11:00,Occasionally,Satisfied,Bangalore - Vi,donnashah@watkins.biz,Less policy responsibility family anyone doctor buy need local fall administration anything any clear accept.
738,5/31/2025 20:27:00,Yes,Satisfied,Bangalore - Vi,rachelgarcia@willis.com,Majority drug family meeting medical season loss capital include center decide different.
847,5/31/2025 4:45:00,Yes,Satisfied,Bangalore - Vi,nicolewhite@hernandez-smith.com,Heart single look entire one difference child already at truth draw concern.
86,5/31/2025 0:52:00,Yes,Satisfied,Chennai - Airtel,sarahcummings@williams.com,Something serve evidence sound tree crime.
205,5/31/2025 9:59:00,Yes,Satisfied,Chennai - Airtel,snyderlaurie@park.com,Attention strategy current offer mean event air party member.
298,5/31/2025 0:35:00,No,Satisfied,Chennai - Airtel,fitzgeraldwilliam@carson.net,Hand offer night no wrong seven market American research others.
333,5/31/2025 10:15:00,No,Satisfied,Chennai - Airtel,campbellsarah@yahoo.com,Collection because even nation reach from ten different.
430,5/31/2025 12:04:00,Occasionally,Satisfied,Chennai - Airtel,josephgreen@hotmail.com,Month up sport information second.
540,5/31/2025 20:58:00,No,Satisfied,Chennai - Airtel,william89@johnson-taylor.com,Discover build small nothing least.
640,5/31/2025 14:07:00,Occasionally,Satisfied,Chennai - Airtel,jorge06@hotmail.com,Source road doctor rule job reason take there thousand agency chance.
675,5/31/2025 13:19:00,Occasionally,Satisfied,Chennai - Airtel,martinezpamela@gmail.com,Record key draw threat know exist.
710,5/31/2025 9:04:00,Yes,Satisfied,Chennai - Airtel,barbara09@hotmail.com,Congress money should themselves low it cell interest that whatever inside offer same.
715,5/31/2025 18:39:00,No,Satisfied,Chennai - Airtel,kmendoza@hotmail.com,Data this pull laugh everything continue concern include talk.
796,5/31/2025 13:36:00,Occasionally,Satisfied,Chennai - Airtel,brendasmith@castaneda.info,They everyone medical simply professional.
866,5/31/2025 11:03:00,Occasionally,Satisfied,Chennai - Airtel,andrew10@yates.com,Citizen nice performance able structure certain hospital note wear.
19,5/31/2025 7:19:00,Occasionally,Satisfied,Chennai - BSNL,janet08@hotmail.com,Central season subject stop between pattern beautiful top soon.
208,5/31/2025 5:38:00,Occasionally,Satisfied,Chennai - BSNL,christina30@yahoo.com,Rich security create imagine last tax worry write ability wish.
358,5/31/2025 22:25:00,Occasionally,Satisfied,Chennai - BSNL,charleneevans@young-daniels.org,Baby pattern ever yet wind owner interesting hit lead indeed address however see light black radio modern.
484,5/31/2025 22:31:00,Yes,Satisfied,Chennai - BSNL,gail07@anderson-warren.com,Structure send myself test mind onto realize difference somebody kitchen dog indeed action near success.
520,5/31/2025 21:08:00,No,Satisfied,Chennai - BSNL,tiffany67@donovan.biz,Role quite member public writer per expect any data.
830,5/31/2025 18:43:00,No,Satisfied,Chennai - BSNL,sarawilliams@hotmail.com,Past happy play ten include.
859,5/31/2025 6:54:00,No,Satisfied,Chennai - BSNL,brendasanders@gmail.com,Long page challenge plant at because close far.
923,5/31/2025 18:49:00,No,Satisfied,Chennai - BSNL,sjones@hotmail.com,Drug charge couple activity then effort.
91,5/31/2025 2:18:00,Yes,Satisfied,Chennai - Jio,christopher21@hotmail.com,Skill deep red could skill peace former society wide exist with could book manage kind.
100,5/31/2025 4:20:00,Occasionally,Satisfied,Chennai - Jio,gordonjessica@tate.com,Majority tree upon government toward feel.
155,5/31/2025 7:23:00,Yes,Satisfied,Chennai - Jio,hwashington@gmail.com,Next stand language high act cost job one lead me watch product offer growth class.
401,5/31/2025 17:39:00,Occasionally,Satisfied,Chennai - Jio,lroberts@gmail.com,Situation authority which wait above economy toward couple now.
429,5/31/2025 0:35:00,No,Satisfied,Chennai - Jio,brittneyharris@yahoo.com,Poor campaign rather question care of.
800,5/31/2025 6:59:00,Occasionally,Satisfied,Chennai - Jio,buchanandeborah@wood.info,Article money attorney hair save ground story home sure range remain no either.
140,5/31/2025 2:25:00,Occasionally,Satisfied,Chennai - Vi,melissa41@gmail.com,Out this activity however decision art already do down never purpose floor fine.
145,5/31/2025 18:53:00,Yes,Satisfied,Chennai - Vi,robertlopez@smith.net,Else challenge seek seem debate.
241,5/31/2025 5:49:00,Yes,Satisfied,Chennai - Vi,shelley04@hotmail.com,Summer guy reality response treat share.
398,5/31/2025 13:53:00,Occasionally,Satisfied,Chennai - Vi,nathanielwilliams@dudley.com,Financial answer TV feeling enjoy story effort.
500,5/31/2025 11:13:00,No,Satisfied,Chennai - Vi,mchristensen@dean-cooper.com,Money gun stock institution economy.
523,5/31/2025 6:52:00,No,Satisfied,Chennai - Vi,raymond17@garza.com,Prepare step a music check law heart him section measure.
691,5/31/2025 14:03:00,Yes,Satisfied,Chennai - Vi,prestonmelissa@smith-bennett.info,Sing beat total situation month consider.
14,5/31/2025 15:42:00,No,Satisfied,Delhi - Airtel,robertsbrian@gmail.com,Figure speak increase half the staff every they first trial support.
415,5/31/2025 21:20:00,Occasionally,Satisfied,Delhi - Airtel,ujohnson@hotmail.com,Test conference none account however situation if grow collection glass ready art hotel position fund should.
799,5/31/2025 1:44:00,Occasionally,Satisfied,Delhi - Airtel,zwalter@myers.com,Age season common soon research itself half ground officer rest before man.
814,5/31/2025 8:09:00,No,Satisfied,Delhi - Airtel,matthewmathis@kim-adams.net,Main appear discuss entire down kid rather as time air war college from decade tend whether.
904,5/31/2025 6:42:00,No,Satisfied,Delhi - Airtel,yatkinson@gmail.com,Common mouth on current water less market on.
228,5/31/2025 16:33:00,Occasionally,Satisfied,Delhi - BSNL,rogersnathan@arias-hendrix.com,Behind daughter occur dark yeah beyond.
305,5/31/2025 22:33:00,No,Satisfied,Delhi - BSNL,nmason@yahoo.com,Music oil case listen open knowledge others fight.
392,5/31/2025 14:09:00,No,Satisfied,Delhi - BSNL,tiffanyray@smith.com,Prevent activity operation war consider include expert so available action research peace allow.
551,5/31/2025 13:21:00,No,Satisfied,Delhi - BSNL,annaunderwood@gmail.com,Mind boy available for.
865,5/31/2025 10:25:00,Yes,Satisfied,Delhi - BSNL,shepherdtiffany@gmail.com,Important this today never produce know friend dog worker sea drug country worry mission.
157,5/31/2025 13:25:00,Occasionally,Satisfied,Delhi - Jio,ytorres@gmail.com,Early far daughter military record program.
350,5/31/2025 12:51:00,No,Satisfied,Delhi - Jio,megan65@hotmail.com,Do nothing young buy responsibility society.
367,5/31/2025 18:52:00,No,Satisfied,Delhi - Jio,barrybrent@lowery-robinson.org,Real population respond local through condition set.
595,5/31/2025 21:36:00,No,Satisfied,Delhi - Jio,pgonzales@gmail.com,Skin policy board name raise range likely likely.
789,5/31/2025 9:37:00,No,Satisfied,Delhi - Jio,crystalbutler@yahoo.com,Parent perform brother skill capital sing teacher reduce perform before wall process happy near card.
876,5/31/2025 1:38:00,Yes,Satisfied,Delhi - Jio,wmiller@maldonado.biz,Weight that add whom student.
901,5/31/2025 14:41:00,Occasionally,Satisfied,Delhi - Jio,ambergreen@kennedy-chavez.com,Because consider beyond later challenge table Congress perform put form system increase knowledge father moment happy.
955,5/31/2025 3:35:00,Yes,Satisfied,Delhi - Jio,careygregory@gmail.com,Window program east anyone method process agent mention imagine lawyer town.
197,5/31/2025 6:32:00,No,Satisfied,Delhi - Vi,bentonnathan@hotmail.com,Toward available pull current should without determine occur American this local child.
201,5/31/2025 23:41:00,Occasionally,Satisfied,Delhi - Vi,taylor51@hotmail.com,Body same nothing five outside.
365,5/31/2025 8:09:00,No,Satisfied,Delhi - Vi,macdonaldjonathan@hotmail.com,Painting social cause far outside two ok despite today month.
432,5/31/2025 11:06:00,No,Satisfied,Delhi - Vi,sarah58@page.biz,Church star range discuss quickly size far simply edge read body discussion.
439,5/31/2025 5:39:00,No,Satisfied,Delhi - Vi,stanleyelizabeth@moore.com,Police wrong on audience benefit system face real treatment staff between measure science.
783,5/31/2025 13:59:00,No,Satisfied,Delhi - Vi,owensdavid@yahoo.com,Might food state treatment population age.
966,5/31/2025 6:36:00,Occasionally,Satisfied,Delhi - Vi,prestontara@davis-schwartz.com,Enjoy stock early responsibility despite hair just set even exist.
108,5/31/2025 2:07:00,No,Satisfied,Hyderabad - Airtel,lbrown@haas-hall.com,Need benefit teach sort reach draw my brother different reality traditional fear third once available officer not.
301,5/31/2025 5:57:00,No,Satisfied,Hyderabad - Airtel,stewartscott@hotmail.com,Else PM student listen couple seat clear.
493,5/31/2025 11:13:00,Yes,Satisfied,Hyderabad - Airtel,beth06@kim.com,Here theory stock perhaps now design west remain authority lose whether finally right.
527,5/31/2025 15:15:00,Yes,Satisfied,Hyderabad - Airtel,ewilkins@gmail.com,With consider house.
592,5/31/2025 9:21:00,No,Satisfied,Hyderabad - Airtel,halljared@norris.info,Street per attorney difference audience miss.
623,5/31/2025 6:13:00,Yes,Satisfied,Hyderabad - Airtel,kerryperry@jones.com,Land face exist field she anything company fill open that baby these return thing.
886,5/31/2025 11:33:00,Yes,Satisfied,Hyderabad - Airtel,robin41@jones-larsen.biz,Put care manage professional sister.
919,5/31/2025 9:30:00,No,Satisfied,Hyderabad - Airtel,vdelacruz@yahoo.com,Smile spring appear then south.
957,5/31/2025 11:01:00,No,Satisfied,Hyderabad - Airtel,kathy70@powell.com,Turn cold scientist federal same analysis end.
297,5/31/2025 1:05:00,No,Satisfied,Hyderabad - BSNL,bweaver@hotmail.com,Fish morning subject personal partner throughout exactly voice.
494,5/31/2025 9:26:00,Occasionally,Satisfied,Hyderabad - BSNL,ksnyder@gmail.com,Idea husband deal themselves address political as cost base impact pull team.
563,5/31/2025 21:44:00,Yes,Satisfied,Hyderabad - BSNL,karen47@hotmail.com,Beautiful race thought size must central either put.
782,5/31/2025 10:09:00,Occasionally,Satisfied,Hyderabad - BSNL,kylesmith@yahoo.com,Card box street common trade around.
885,5/31/2025 4:25:00,Occasionally,Satisfied,Hyderabad - BSNL,moniquechandler@page.biz,Open stay operation important save society marriage.
71,5/31/2025 0:46:00,No,Satisfied,Hyderabad - Jio,taylorsherry@yahoo.com,Rich indeed own nation direction top authority produce.